<?xml version="1.0" encoding="UTF-8" ?>
<!DOCTYPE mapper
        PUBLIC "-//mybatis.org//DTD Mapper 3.0//EN"
        "http://mybatis.org/dtd/mybatis-3-mapper.dtd">

<mapper namespace="com.project.web_prj.board.repository.BoardMapper">

    <resultMap id="boardMap" type="com.project.web_prj.board.domain.Board">
        <result property="boardNo" column="board_no" />
        <result property="regDate" column="reg_date" />
        <result property="viewCnt" column="view_cnt" />
    </resultMap>

    <insert id="save">
<!--        oracle DB -->
<!--        INSERT INTO tbl_board-->
<!--        (board_no, writer, title, content)-->
<!--        VALUES (seq_tbl_board.nextval, #{writer}, #{title}, #{content})-->

<!--        mariadb -->
        INSERT INTO tbl_board
        (writer, title, content)
        VALUES (#{writer}, #{title}, #{content})
    </insert>

    <select id="findAll" resultMap="boardMap">
<!--        oracle db-->
<!--        SELECT  *-->
<!--        FROM (SELECT ROWNUM rn, v_board.*-->
<!--              FROM (-->
<!--                        SELECT *-->
<!--                        FROM tbl_board-->
<!--                        ORDER BY board_no DESC-->
<!--                        ) v_board)-->
<!--        WHERE rn BETWEEN (#{pageNum} - 1) * #{amount} + 1 AND (#{pageNum} * #{amount})-->

<!--        mariadb -->
        SELECT  *
        FROM tbl_board
        ORDER BY board_no DESC
        LIMIT #{start}, #{amount}
    </select>

    <select id="findAll2" resultMap="boardMap">
<!--        ORACLE DB -->
<!--        SELECT  *-->
<!--        FROM (-->
<!--                SELECT ROWNUM rn, v_board.*-->
<!--                FROM (-->
<!--                        SELECT *-->
<!--                        FROM tbl_board-->
<!--                        <if test="type == 'title'">WHERE title LIKE '%' || #{keyword} || '%'</if>-->
<!--                        <if test="type == 'writer'">WHERE writer LIKE '%' || #{keyword} || '%'</if>-->
<!--                        <if test="type == 'content'">WHERE content LIKE '%' || #{keyword} || '%'</if>-->
<!--                        <if test="type == 'tc'">-->
<!--                            WHERE title LIKE '%' || #{keyword} || '%'-->
<!--                                OR content LIKE '%' || #{keyword} || '%'-->
<!--                        </if>-->
<!--                        ORDER BY board_no DESC-->
<!--                        ) v_board-->
<!--              )-->
<!--        WHERE rn BETWEEN (#{pageNum} - 1) * #{amount} + 1 AND (#{pageNum} * #{amount})-->

<!--        MARIA DB-->
        SELECT  *
        FROM tbl_board
<!--         동적 sql 문 -->
        <if test="type == 'title'">
            WHERE title LIKE CONCAT('%', #{keyword},'%')
        </if>
        <if test="type == 'content'">
            WHERE content LIKE CONCAT('%', #{keyword},'%')
        </if>
        <if test="type == 'writer'">
            WHERE writer LIKE CONCAT('%', #{keyword},'%')
        </if>
        <if test="type == 'tc'">
            WHERE title LIKE CONCAT('%', #{keyword},'%')
            OR content LIKE CONCAT('%', #{keyword},'%')
        </if>
        ORDER BY board_no DESC
        LIMIT #{start}, #{amount}

    </select>

    <select id="findOne" resultMap="boardMap">
        SELECT * FROM tbl_board
        WHERE board_no=#{boardNo}
    </select>

    <delete id="remove">
        DELETE FROM tbl_board
        WHERE board_no=#{boardNo}
    </delete>

    <update id="modify">
        UPDATE tbl_board
        SET writer = #{writer}, title=#{title}, content=#{content}
        WHERE board_no=#{boardNo}
    </update>

    <select id="getTotalCount" resultType="int"> <!-- 컬럼이 한개일경우 그값의 데이터유형으로, 행이 여러개면 이경우 인티져리스트에 닮아준다. -->
        SELECT COUNT(*)                         <!-- 컬럼이 여러개면 Map 으로 -->
        FROM tbl_board
    </select>

    <select id="getTotalCount2" resultType="int">
        SELECT COUNT(*)
        FROM tbl_board
        <if test="type == 'title'">
            WHERE title LIKE CONCAT('%', #{keyword},'%')
        </if>
        <if test="type == 'content'">
            WHERE content LIKE CONCAT('%', #{keyword},'%')
        </if>
        <if test="type == 'writer'">
            WHERE writer LIKE CONCAT('%', #{keyword},'%')
        </if>
        <if test="type == 'tc'">
            WHERE title LIKE CONCAT('%', #{keyword},'%')
            OR content LIKE CONCAT('%', #{keyword},'%')
        </if>
    </select>

    <update id="upViewCount">
        UPDATE tbl_board
        SET view_cnt = view_cnt + 1
        WHERE board_no=#{boardNo}
    </update>

</mapper>